Name, Sex,Birthplace, CityofBirth, State, Age, DOB,Ethnicity, SexualOrientation, Religion, AwardCategory, Movie, Year, NumberofAwards, Country
Lewis Milestone,Male,"Chisinau, Moldova",NA,NA,35,9/30/1895,White,Straight,NA,Director,Two Arabian Knights,1929,2,Moldova
Emil Jannings,Male,"Rorschach, Switzerland",NA,NA,45,7/23/1884,White,Bisexual,NA,Actor,The Last Command,1929,1,Switzerland
Frank Borzage,Male,"Salt Lake City, Utah, United States","Salt Lake City, UT",Utah,35,4/23/1894,White,Straight,Roman Catholic,Director,7th Heaven,1929,2,United States
Janet Gaynor,Female,"Philadelphia, Pennsylvania, United States","Philadelphia, PA",Pennsylvania,23,10/6/2006,White,Straight,NA,Actor,7th Heaven,1929,1,United States
Frank Lloyd,Male,"Glasgow, United Kingdom",NA,NA,44,2/2/1886,White,Straight,NA,Director,The Divine Lady,1930,2,United Kingdom
Mary Pickford,Female,"Toronto, Canada",NA,NA,38,4/8/1892,White,Straight,NA,Actor,Coquette,1930,1,Canada
Warner Baxter,Male,"Columbus, Ohio, United States","Columbus, OH",Ohio,41,3/29/1889,White,Straight,NA,Actor,In Old Arizona,1930,1,United States
George Arliss,Male,"London, United Kingdom",NA,NA,62,4/10/1868,White,Straight,NA,Actor,Desraeli,1931,1,United Kingdom
Lewis Milestone,Male,"Chisinau, Moldova",NA,NA,32,9/30/1895,White,Straight,NA,Director,All Quiet on the Western Front,1931,2,Moldova
Norma Shearer,Female,"Montreal, Canada",NA,NA,28,8/10/1902,White,Straight,NA,Actor,The Divorcee,1931,1,Canada
Lionel Barrymore,Male,"Philadelphia, Pennsylvania, United States","Philadelphia, PA",Pennsylvania,53,4/28/1878,White,Straight,Roman Catholic,Actor,A Free Soul,1932,1,United States
Marie Dressler,Female,"Cobourg, Canada",NA,NA,63,11/2/1868,White,Straight,NA,Actor,Min and Bill,1932,1,Canada
Norman Taurog,Male,"Chicago, Illinois, United States","Chicago, IL",Illinois,33,2/23/1899,White,Straight,NA,Director,Skippy,1932,1,United States
Helen Hayes,Female,"Washington, United States","Washington, DC",District of Columbia,32,10/10/1900,White,Straight,NA,Actor,The Sin of Madelon Claudet,1933,2,United States
Wallace Beery,Male,"Kansas City, Missouri, United States","Kansas City, MO",Missouri,47,4/1/1885,White,Straight,NA,Actor,The Champ,1933,1,United States
Frank Borzage,Male,"Salt Lake City, Utah, United States","Salt Lake City, UT",Utah,39,4/23/1894,White,Straight,Roman Catholic,Director,Bad Girl,1933,2,United States
Charles Laughton,Male,"Scarborough, United Kingdom",NA,NA,35,7/1/1899,White,Gay,Roman Catholic,Actor,The Private Life of Henry VIII,1934,1,United Kingdom
Frank Lloyd,Male,"Glasgow, United Kingdom",NA,NA,48,2/2/1886,White,Straight,NA,Director,Cavalcade,1934,2,United Kingdom
Katharine Hepburn,Female,"Hartford, Connecticut, United States","Hartford, CT",Connecticut,27,5/12/2007,White,Bisexual,Atheist,Actor,Morning Glory,1934,4,United States
Clark Gable,Male,"Cadiz, Ohio, United States","Cadiz, OH",Ohio,34,2/1/1901,White,Straight,NA,Actor,It Happened One Night,1935,1,United States
Claudette Colbert,Female,"Paris, France",NA,NA,32,9/13/1903,White,Straight,NA,Actor,It Happened One Night,1935,1,France
Frank Capra,Male,"Bisacquino, Italy",NA,NA,38,5/18/1897,White,Straight,Roman Catholic,Director,It Happened One Night,1935,3,Italy
Bette Davis,Female,"Lowell, Massachusetts, United States","Lowell, MA",Massachusetts,28,4/5/2008,White,Straight,NA,Actor,Dangerous,1936,2,United States
John Ford,Male,"Cape Elizabeth, Maine, United States","Cape Elizabeth, ME",Maine,42,2/1/1894,White,Bisexual,Roman Catholic,Director,The Informer,1936,4,United States
Victor McLaglen,Male,"Tunbridge Wells, United Kingdom",NA,NA,53,12/11/1883,White,Straight,Anglican/episcopalian,Actor,The Informer,1936,1,United Kingdom
Frank Capra,Male,"Bisacquino, Italy",NA,NA,40,5/18/1897,White,Straight,Roman Catholic,Director,Mr. Deeds Goes to Town,1937,3,Italy
Gale Sondergaard,Female,"Litchfield, Minnesota, United States","Litchfield, MN",Minnesota,38,2/15/1899,White,Straight,NA,Actor,Anthony Adverse,1937,1,United States
Luise Rainer,Female,"Dusseldorf, Germany",NA,NA,27,1/12/2010,White,Straight,Jewish,Actor,The Great Ziegfeld,1937,2,Germany
Paul Muni,Male,"Lviv, Ukraine",NA,NA,42,9/22/1895,White,Straight,Jewish,Actor,The Story of Louis Pasteur,1937,1,Ukraine
Walter Brennan,Male,"Swampscott, Massachusetts, United States","Swampscott, MA",Massachusetts,44,7/25/1894,White,Straight,NA,Actor,Come and Get It,1937,3,United States
Alice Brady,Female,"New York City, United States","New York City, NY",New York,46,11/2/1892,White,Straight,NA,Actor,In Old Chicago,1938,1,United States
Joseph Schildkraut,Male,"Vienna, Austria",NA,NA,42,3/22/1896,White,Straight,NA,Actor,The Life of Emile Zola,1938,1,Austria
Leo McCarey,Male,"Los Angeles, California, United States","Los Angeles, CA",California,40,10/3/1898,White,Straight,NA,Director,The Awful Truth,1938,2,United States
Luise Rainer,Female,"Dusseldorf, Germany",NA,NA,28,1/12/2010,White,Straight,Jewish,Actor,The Good Earth,1938,2,Germany
Spencer Tracy,Male,"Milwaukee, Wisconsin, United States","Milwaukee, WI",Wisconsin,38,4/5/1900,White,Straight,Roman Catholic,Actor,Captains Courageous,1938,2,United States
Bette Davis,Female,"Lowell, Massachusetts, United States","Lowell, MA",Massachusetts,31,4/5/2008,White,Straight,NA,Actor,Jezebel,1939,2,United States
Fay Bainter,Female,"Los Angeles, California, United States","Los Angeles, CA",California,48,12/7/1891,White,Straight,NA,Actor,Jezebel,1939,1,United States
Frank Capra,Male,"Bisacquino, Italy",NA,NA,42,5/18/1897,White,Straight,Roman Catholic,Director,You Can't Take It with You,1939,3,Italy
Spencer Tracy,Male,"Milwaukee, Wisconsin, United States","Milwaukee, WI",Wisconsin,39,4/5/1900,White,Straight,Roman Catholic,Actor,Boys Town,1939,2,United States
Walter Brennan,Male,"Swampscott, Massachusetts, United States","Swampscott, MA",Massachusetts,45,7/25/1894,White,Straight,NA,Actor,Kentucky,1939,3,United States
Hattie McDaniel,Female,"Wichita, Kansas, United States","Wichita, KS",Kansas,47,6/10/1893,Black,Matter of Dispute,Christian,Actor,Gone with the Wind,1940,1,United States
Robert Donat,Male,"Withington, United Kingdom",NA,NA,35,3/18/2005,White,Straight,NA,Actor,Goodbye Mr. Chips,1940,1,United Kingdom
Thomas Mitchell,Male,"Elizabeth, New Jersey, United States","Elizabeth, NJ",New Jersey,48,7/11/1892,White,Straight,NA,Actor,Stagecoach,1940,1,United States
Victor Fleming,Male,"Pasadena, California, United States","Pasadena, CA",California,57,2/23/1883,White,Straight,NA,Director,Gone with the Wind,1940,1,United States
Vivien Leigh,Female,"Darjeeling, India",NA,NA,27,11/5/2013,White,Straight,Roman Catholic,Actor,Gone with the Wind,1940,2,India
Ginger Rogers,Female,"Independence, Missouri, United States","Independence, MO",Missouri,30,7/16/2011,White,Straight,Christian Science,Actor,Kitty Foyle,1941,1,United States
Jane Darwell,Female,"Palmyra, Missouri, United States","Palmyra, MO",Missouri,62,10/15/1879,White,Straight,NA,Actor,The Grapes of Wrath,1941,1,United States
Jimmy Stewart,Male,"Indiana, Pennsylvania, United States","Indiana, PA",Pennsylvania,33,5/20/2008,White,Straight,Presbyterian,Actor,The Philadelphia Story,1941,1,United States
John Ford,Male,"Cape Elizabeth, Maine, United States","Cape Elizabeth, ME",Maine,47,2/1/1894,White,Bisexual,Roman Catholic,Director,The Grapes of Wrath,1941,4,United States
Walter Brennan,Male,"Swampscott, Massachusetts, United States","Swampscott, MA",Massachusetts,47,7/25/1894,White,Straight,NA,Actor,The Westerner,1941,3,United States
Donald Crisp,Male,"London, United Kingdom",NA,NA,62,7/27/1880,White,Straight,NA,Actor,How Green Was My Valley,1942,1,United Kingdom
Gary Cooper,Male,"Helena, Montana, United States","Helena, MT",Montana,52,5/7/1901,White,Straight,Roman Catholic,Actor,Sergeant York,1942,2,United States
Joan Fontaine,Female,"Tokyo, Japan",NA,NA,23,10/22/2017,White,Straight,NA,Actor,Suspicion,1942,1,Japan
John Ford,Male,"Cape Elizabeth, Maine, United States","Cape Elizabeth, ME",Maine,48,2/1/1894,White,Bisexual,Roman Catholic,Director,How Green Was My Valley,1942,4,United States
Mary Astor,Female,"Quincy, Illinois, United States","Quincy, IL",Illinois,36,5/3/2006,White,Straight,Roman Catholic,Actor,The Great Lie,1942,1,United States
Greer Garson,Female,"London, United Kingdom",NA,NA,39,9/29/2004,White,Straight,NA,Actor,Mrs. Miniver,1943,1,United Kingdom
James Cagney,Male,"Manhattan, New York, United States","New York City, NY",New York,44,7/17/1899,White,Straight,Roman Catholic,Actor,Yankee Doodle Dandy,1943,1,United States
Teresa Wright,Female,"New York City, United States","New York City, NY",New York,25,10/27/2018,White,Straight,NA,Actor,Mrs. Miniver,1943,1,United States
Van Heflin,Male,"Walters, Oklahoma, United States","Walters, OK",Oklahoma,33,12/13/2010,White,Straight,NA,Actor,Johnny Eager,1943,1,United States
William Wyler,Male,"Mulhouse, France",NA,NA,41,7/1/1902,White,Straight,NA,Director,Mrs. Miniver,1943,3,France
Charles Coburn,Male,"Savannah, Georgia, United States","Savannah, GA",Georgia,67,6/17/1877,White,Straight,NA,Actor,The More the Merrier,1944,1,United States
Jennifer Jones,Female,"Tulsa, Oklahoma, United States","Tulsa, OK",Oklahoma,25,3/2/2019,White,Straight,Roman Catholic,Actor,The Song of Bernadette,1944,1,United States
Katina Paxinou,Female,"Athens, Greece",NA,NA,44,12/17/1900,White,Straight,NA,Actor,For Whom the Bell Tolls,1944,1,Greece
Michael Curtiz,Male,"Budapest, Hungary",NA,NA,58,12/24/1886,White,Straight,NA,Director,Casablanca,1944,1,Hungary
Paul Lukas,Male,"Budapest, Hungary",NA,NA,57,5/26/1887,White,Straight,NA,Actor,Watch on the Rhine,1944,1,Hungary
Barry Fitzgerald,Male,"Dublin, Ireland",NA,NA,57,3/10/1888,White,NA,Protestant,Actor,Going My Way,1945,1,Ireland
Bing Crosby,Male,"Tacoma, Washington, United States","Tacoma, WA",Washington,42,5/3/1903,White,Straight,Roman Catholic,Actor,Going My Way,1945,1,United States
Ethel Barrymore,Female,"Philadelphia, Pennsylvania, United States","Philadelphia, PA",Pennsylvania,66,8/15/1879,White,Straight,Roman Catholic,Actor,None but the Lonely Heart,1945,1,United States
Ingrid Bergman,Female,"Stockholm, Sweden",NA,NA,30,8/29/2015,White,Straight,NA,Actor,Gaslight,1945,3,Sweden
Leo McCarey,Male,"Los Angeles, California, United States","Los Angeles, CA",California,47,10/3/1898,White,Straight,NA,Director,Going My Way,1945,2,United States
Anne Revere,Female,"New York City, United States","New York City, NY",New York,43,6/25/1903,White,Straight,NA,Actor,National Velvet,1946,1,United States
Billy Wilder,Male,"Sucha, Austria",NA,NA,55,6/22/2006,White,Straight,Jewish,Director,The Lost Weekend,1946,2,Austria
James Dunn,Male,"New York City, United States","New York City, NY",New York,45,11/2/1901,White,Straight,NA,Actor,A Tree Grows in Brooklyn,1946,1,United States
Joan Crawford,Female,"San Antonio, Texas, United States","San Antonio, TX",Texas ,41,3/23/2005,White,Bisexual,Christian Science,Actor,Mildred Pierce,1946,1,United States
Ray Milland,Male,"Neath, United Kingdom",NA,NA,39,1/3/2007,White,Straight,NA,Actor,The Lost Weekend,1946,1,United Kingdom
Anne Baxter,Female,"Michigan City, Indiana, United States","Michigan City, IN",Indiana,24,5/7/2023,White,Straight,NA,Actor,The Razor's Edge,1947,1,United States
Fredric March,Male,"Racine, Wisconsin, United States","Racine, WI",Wisconsin,50,8/31/1897,White,Straight,NA,Actor,The Best Years of Our Lives,1947,1,United States
Harold Russell,Male,"North Sydney, United Kingdom",NA,NA,33,1/14/2014,White,Straight,NA,Actor,The Best Years of Our Lives,1947,1,United Kingdom
Olivia de Havilland,Female,"Tokyo, Japan",NA,NA,31,7/1/2016,White,Straight,NA,Actor,To Each His Own,1947,2,Japan
William Wyler,Male,"Mulhouse, France",NA,NA,45,7/1/1902,White,Straight,NA,Director,The Best Years of Our Lives,1947,3,France
Celeste Holm,Female,"New York City, United States","New York City, NY",New York,31,4/29/2017,White,Straight,NA,Actor,Gentleman's Agreement,1948,1,United States
Edmund Gwenn,Male,"Vale of Glamorgan, United Kingdom",NA,NA,73,9/26/1875,White,NA,NA,Actor,Miracle on 34th Street,1948,1,United Kingdom
Elia Kazan,Male,"Istanbul, Turkey",NA,NA,39,9/7/2009,White,Straight,NA,Director,Gentleman's Agreement,1948,2,Turkey
Loretta Young,Female,"Salt Lake City, Utah, United States","Salt Lake City, UT",Utah,35,1/6/2013,White,Straight,Roman Catholic,Actor,The Farmer's Daughter,1948,1,United States
Ronald Colman,Male,"Richmond, United Kingdom","Richmond, VA",Virginia,57,2/9/1891,White,Straight,NA,Actor,A Double Life,1948,1,United Kingdom
Claire Trevor,Female,"New York City, United States","New York City, NY",New York,39,3/8/2010,White,Straight,NA,Actor,Key Largo,1949,1,United States
Jane Wyman,Female,"St. Joseph, Missouri, United States","St. Joseph, MO",Missouri,32,1/5/2017,White,Straight,Roman Catholic,Actor,Johnny Belinda,1949,1,United States
John Huston,Male,"Nevada, Missouri, United States","Nevada, MO",Missouri,43,8/5/2006,White,Straight,NA,Director,The Treasure of the Sierra Madre,1949,1,United States
Laurence Olivier,Male,"Dorking, United Kingdom",NA,NA,42,5/22/2007,White,Bisexual,NA,Actor,Hamlet,1949,1,United Kingdom
Walter Huston,Male,"Toronto, Canada",NA,NA,65,4/6/1884,White,Straight,NA,Actor,The Treasure of the Sierra Madre,1949,1,Canada
Broderick Crawford,Male,"Philadelphia, Pennsylvania, United States","Philadelphia, PA",Pennsylvania,39,12/9/2011,White,Straight,NA,Actor,All The King's Men,1950,1,United States
Dean Jagger,Male,"Lima, Ohio, United States","Lima, OH",Ohio,47,11/7/1903,White,Straight,NA,Actor,Twelve O'Clock High,1950,1,United States
Joseph L. Mankiewicz,Male,"Wilkes-Barre, Pennsylvania, United States","Wilkes-Barre, PA",Pennsylvania,41,2/11/2009,White,Straight,Jewish,Director,A Letter to Three Wives,1950,2,United States
Mercedes McCambridge,Female,"Joliet, Illinois, United States","Joliet, IL",Illinois,34,3/17/2016,White,Straight,Roman Catholic,Actor,All The King's Men,1950,1,United States
Olivia de Havilland,Female,"Tokyo, Japan",NA,NA,34,7/1/2016,White,Straight,NA,Actor,The Heiress,1950,2,Japan
George Sanders,Male,"St. Petersburg, Russia",NA,NA,45,7/3/2006,White,Straight,NA,Actor,All About Eve,1951,1,Russia
Jose Ferrer,Male,"Santurce, Puerto Rico",NA,NA,42,1/8/2009,Hispanic,Straight,NA,Actor,Cyrano de Bergerac,1951,1,Puerto Rico
Joseph L. Mankiewicz,Male,"Wilkes-Barre, Pennsylvania, United States","Wilkes-Barre, PA",Pennsylvania,42,2/11/2009,White,Straight,Jewish,Director,All About Eve,1951,2,United States
Josephine Hull,Female,"Newtonville, Massachusetts, United States","Newtonville, MA",Massachusetts,65,1/3/1886,White,Straight,NA,Actor,Harvey,1951,1,United States
Judy Holliday,Female,"New York City, United States","New York City, NY",New York,30,6/21/2021,White,Straight,NA,Actor,Born Yesterday,1951,1,United States
George Stevens,Male,"Oakland, California, United States","Oakland, CA",California,48,12/18/2004,White,Straight,NA,Director,A Place in the Sun,1952,2,United States
Humphrey Bogart,Male,"New York City, United States","New York City, NY",New York,53,12/25/1899,White,Straight,NA,Actor,The Africa Queen,1952,1,United States
Karl Malden,Male,"Chicago, Illinois, United States","Chicago, IL",Illinois,40,3/22/2012,White,Straight,NA,Actor,A Streetcar Named Desire,1952,1,United States
Kim Hunter,Female,"Detroit, Michigan, United States","Detroit, MI",Michigan,30,11/12/2022,White,Straight,NA,Actor,A Streetcar Named Desire,1952,1,United States
Vivien Leigh,Female,"Darjeeling, India",NA,NA,39,11/5/2013,White,Straight,Roman Catholic,Actor,A Streetcar Named Desire,1952,2,India
Anthony Quinn,Male,"Chihuahua, Mexico",NA,NA,38,4/21/2015,Hispanic,Straight,NA,Actor,Viva Zapota!,1953,2,Mexico
Gary Cooper,Male,"Helena, Montana, United States","Helena, MT",Montana,41,5/7/1901,White,Straight,Roman Catholic,Actor,High Noon,1953,2,United States
Gloria Grahame,Female,"Los Angeles, California, United States","Los Angeles, CA",California,30,11/28/2023,White,Straight,NA,Actor,The Bad and the Beautiful,1953,1,United States
John Ford,Male,"Cape Elizabeth, Maine, United States","Cape Elizabeth, ME",Maine,59,2/1/1894,White,Bisexual,Roman Catholic,Director,The Quiet Man,1953,4,United States
Shirley Booth,Female,"New York City, United States","New York City, NY",New York,55,8/30/1898,White,Straight,NA,Actor,"Come Back, Little Sheba",1953,1,United States
Audrey Hepburn,Female,"Brussels, Belgium",NA,NA,25,5/4/2029,White,Straight,Christian Science,Actor,Roman Holiday,1954,1,Belgium
Donna Reed,Female,"Denison, Iowa, United States","Denison, IA",Iowa,33,1/27/2021,White,Straight,NA,Actor,From Here to Eternity,1954,1,United States
Frank Sinatra,Male,"Hoboken, New Jersey, United States","Hoboken, NJ",New Jersey,39,12/12/2015,White,Straight,NA,Actor,From Here to Eternity,1954,1,United States
Fred Zinnemann,Male,"Vienna, Austria",NA,NA,47,4/29/2007,White,Straight,Jewish,Director,From Here to Eternity,1954,2,Austria
William Holden,Male,"O'fallon, Illinois, United States","O'fallon, IL",Illinois,36,4/17/2018,White,Straight,NA,Actor,Stalag 17,1954,1,United States
Edmond O'Brien,Male,"New York City, United States","New York City, NY",New York,40,9/10/2015,White,Straight,Roman Catholic,Actor,The Barefoot Contessa,1955,1,United States
Elia Kazan,Male,"Istanbul, Turkey",NA,NA,46,9/7/2009,White,Straight,NA,Director,On the Waterfront,1955,2,Turkey
Eva Marie Saint,Female,"Newark, New Jersey, United States","Newark, NJ",New Jersey,31,7/4/2024,White,Straight,NA,Actor,On the Waterfront,1955,1,United States
Grace Kelly,Female,"Philadelphia, Pennsylvania, United States","Philadelphia, PA",Pennsylvania,26,11/12/2029,White,Straight,Roman Catholic,Actor,The Country Girl,1955,1,United States
Marlon Brando,Male,"Omaha, Nebraska, United States","Omaha, NE",Nebraska,31,4/3/2024,White,Bisexual,Deist,Actor,On the Waterfront,1955,2,United States
Anna Magnani,Female,"Rome, Italy",NA,NA,48,3/7/2008,White,Straight,NA,Actor,The Rose Tattoo,1956,1,Italy
Delbert Mann,Male,"Lawrence, Kansas, United States","Lawrence, KS",Kansas,36,1/30/2020,White,Straight,Presbyterian,Director,Marty,1956,1,United States
Ernest Borgnine,Male,"Hamden, Connecticut, United States","Hamden, CT",Connecticut,39,1/24/2017,White,Straight,NA,Actor,Marty,1956,1,United States
Jack Lemmon,Male,"Newton, Massachusetts, United States","Newton, MA",Massachusetts,49,2/8/2025,White,Straight,Roman Catholic,Actor,Mister Roberts,1956,2,United States
Jo Van Fleet,Female,"Oakland, California, United States","Oakland, CA",California,42,12/30/2014,White,Straight,NA,Actor,East of Eden,1956,1,United States
Anthony Quinn,Male,"Chihuahua, Mexico",NA,NA,42,4/21/2015,Hispanic,Straight,NA,Actor,Lust for Life,1957,2,Mexico
Dorothy Malone,Female,"Chicago, Illinois, United States","Chicago, IL",Illinois,32,1/30/2025,White,Straight,NA,Actor,Written on the Wind,1957,1,United States
George Stevens,Male,"Oakland, California, United States","Oakland, CA",California,53,12/18/2004,White,Straight,NA,Director,Giant,1957,2,United States
Ingrid Bergman,Female,"Stockholm, Sweden",NA,NA,42,8/29/2015,White,Straight,NA,Actor,Anastasia,1957,3,Sweden
Yul Brynner,Male,"Vladivostok, Russia",NA,NA,37,7/11/2020,White,Straight,NA,Actor,The King And I,1957,1,Russia
Alec Guinness,Male,"London, United Kingdom",NA,NA,44,4/2/2014,White,Bisexual,Roman Catholic,Actor,The Bridge on the River Kwai,1958,1,United Kingdom
David Lean,Male,"Croydon, United Kingdom",NA,NA,50,3/25/2008,White,Straight,NA,Director,The Bridge on the River Kwai,1958,2,United Kingdom
Joanne Woodward,Female,"Thomasville, Georgia, United States","Thomasville, GA",Georgia,28,2/27/1930,White,Straight,NA,Actor,The Three Faces of Eve,1958,1,United States
Miyoshi Umeki,Female,"Otaro, Japan",NA,NA,29,4/3/2029,Asian,Straight,NA,Actor,Sayonara,1958,1,Japan
Red Buttons,Male,"New York City, United States","New York City, NY",New York,39,2/5/2019,White,Straight,Jewish,Actor,Sayonara,1958,1,United States
Burl Ives,Male,"Hunt City, Illinois, United States","Hunt City, IL",Illinois,50,6/14/2009,White,Straight,NA,Actor,The Big Country,1959,1,United States
David Niven,Male,"London, United Kingdom",NA,NA,50,3/1/2009,White,Straight,NA,Actor,Separate Tables,1959,1,United Kingdom
Susan Hayward,Female,"Brooklyn, United States","New York City, NY",New York,41,6/30/2018,White,Straight,Roman Catholic,Actor,I Want To Live!,1959,1,United States
Vincente Minnelli,Male,"Chicago, Illinois, United States","Chicago, IL",Illinois,56,2/28/1903,White,Bisexual,NA,Director,Gigi,1959,1,United States
Wendy Hiller,Female,"Bramhall, United Kingdom",NA,NA,47,8/15/2012,White,Straight,NA,Actor,Separate Tables,1959,1,United Kingdom
Charlton Heston,Male,"Evanston, Illinois, United States","Evanston, IL",Illinois,37,10/4/2023,White,Straight,Protestant,Actor,Ben-hur,1960,1,United States
Hugh Griffith,Male,"Marian Glas, United Kingdom",NA,NA,48,5/30/2012,White,NA,NA,Actor,Ben-hur,1960,1,United Kingdom
Shelley Winters,Female,"St. Louis, Missouri, United States","St. Louis, MO",Missouri,40,8/18/2020,White,Straight,Jewish,Actor,The Diary of Anne Frank,1960,2,United States
Simone Signoret,Female,"Wiesbaden, Germany",NA,NA,39,3/25/2021,White,Straight,NA,Actor,Room at the Top,1960,1,Germany
William Wyler,Male,"Mulhouse, France",NA,NA,58,7/1/1902,White,Straight,NA,Director,Ben-hur,1960,3,France
Billy Wilder,Male,"Sucha, Austria",NA,NA,40,6/22/2006,White,Straight,Jewish,Director,The Apartment,1961,2,Austria
Burt Lancaster,Male,"New York City, United States","New York City, NY",New York,48,11/2/2013,White,Straight,Protestant,Actor,Elmer Gantry,1961,1,United States
Elizabeth Taylor,Female,"London, United Kingdom",NA,NA,29,2/27/1932,White,Straight,Jewish,Actor,Butterfield 8,1961,2,United Kingdom
Peter Ustinov,Male,"London, United Kingdom",NA,NA,40,4/16/2021,White,Straight,NA,Actor,Spartacus,1961,2,United Kingdom
Shirley Jones,Female,"Charleroi, Pennsylvania, United States","Charleroi, PA",Pennsylvania,27,3/31/1934,White,Straight,Methodist,Actor,Elmer Gantry,1961,1,United States
George Chakiris,Male,"Norwood, Ohio, United States","Norwood, OH",Ohio,28,9/16/1934,White,Gay,NA,Actor,West Side Story,1962,1,United States
Jerome Robbins,Male,"New York City, United States","New York City, NY",New York,44,10/11/2018,White,Gay,Jewish,Director,West Side Story,1962,1,United States
Maximilian Schell,Male,"Vienna, Austria",NA,NA,32,12/8/1930,White,Straight,NA,Actor,Judgement at Nuremberg,1962,1,Austria
Rita Moreno,Female,"Humacao, Puerto Rico",NA,NA,31,12/11/1931,Hispanic,Straight,NA,Actor,West Side Story,1962,1,Puerto Rico
Robert Wise,Male,"Winchester, Indiana, United States","Winchester, IN",Indiana,48,9/10/2014,White,Straight,NA,Director,West Side Story,1962,2,United States
Sophia Loren,Female,"Pozzuoli, Italy",NA,NA,28,9/20/1934,White,Straight,Roman Catholic,Actor,Two Women,1962,1,Italy
Anne Bancroft,Female,"Bronx, United States","New York City, NY",New York,32,9/17/1931,White,Straight,Roman Catholic,Actor,The Miracle Worker,1963,1,United States
David Lean,Male,"Croydon, United Kingdom",NA,NA,55,3/25/2008,White,Straight,NA,Director,Lawrence of Arabia,1963,2,United Kingdom
"Ed Begley, Sr.",Male,"Hartford, Connecticut, United States","Hartford, CT",Connecticut,62,3/25/1901,White,Straight,NA,Actor,Sweet Bird of Youth,1963,1,United States
Gregory Peck,Male,"La Jolla, California, United States","La Jolla, CA",California,47,4/5/2016,White,Straight,Roman Catholic,Actor,To Kill a Mockingbird,1963,1,United States
Patty Duke,Female,"Elmhurst, New York, United States","Elmhurst, NY",New York,17,12/14/1946,White,Straight,Roman Catholic,Actor,The Miracle Worker,1963,1,United States
Margaret Rutherford,Female,"London, United Kingdom",NA,NA,72,5/11/1892,White,Straight,NA,Actor,the V.I.P.s,1964,1,United Kingdom
Melvyn Douglas,Male,"Macon, Georgia, United States","Macon, GA",Georgia,63,4/5/1901,White,Straight,Jewish,Actor,Hud,1964,2,United States
Patricia Neal,Female,"Packard, Kentucky, United States","Packard, KY",Kentucky,38,1/20/2026,White,Straight,Roman Catholic,Actor,Hud,1964,1,United States
Sidney Poitier,Male,"Miami, Florida, United States","Miami, FL",Florida,37,2/20/2027,Black,Straight,Deist,Actor,Lilies of the Field,1964,1,United States
Tony Richardson,Male,"Shipley, United Kingdom",NA,NA,36,6/5/2028,White,Bisexual,NA,Director,Tom Jones,1964,1,United Kingdom
George Cukor,Male,"New York City, United States","New York City, NY",New York,66,7/7/1899,White,Gay,NA,Director,My Fair Lady,1965,1,United States
Julie Andrews,Female,"Walton-on-Thames, United Kingdom",NA,NA,30,10/1/1935,White,Straight,NA,Actor,Mary Poppins,1965,1,United Kingdom
Lila Kedrova,Female,"St. Petersburg, Russia",NA,NA,47,10/9/2018,White,Straight,NA,Actor,Zorba the Greek,1965,1,Russia
Peter Ustinov,Male,"London, United Kingdom",NA,NA,44,4/16/2021,White,Straight,NA,Actor,Topkapi,1965,2,United Kingdom
Rex Harrison,Male,"Huyton, United Kingdom",NA,NA,57,3/5/2008,White,Straight,NA,Actor,My Fair Lady,1965,1,United Kingdom
Julie Christie,Female,"Chabua, Assama, India",NA,NA,25,4/14/1941,White,Straight,NA,Actor,Darling,1966,1,India
Lee Marvin,Male,"New York City, United States","New York City, NY",New York,42,2/19/2024,White,Straight,NA,Actor,Cat Ballou,1966,1,United States
Martin Balsam,Male,"Bronx, United States","New York City, NY",New York,47,11/4/2019,White,Straight,NA,Actor,A Thousand Clowns,1966,1,United States
Robert Wise,Male,"Winchester, Indiana, United States","Winchester, IN",Indiana,52,9/10/2014,White,Straight,NA,Director,The Sound of Music,1966,2,United States
Shelley Winters,Female,"St. Louis, Missouri, United States","St. Louis, MO",Missouri,46,8/18/2020,White,Straight,Jewish,Actor,A Patch of Blue,1966,2,United States
Elizabeth Taylor,Female,"London, United Kingdom",NA,NA,35,2/27/1932,White,Straight,Jewish,Actor,Who's Afraid of Virginia Woolf?,1967,2,United Kingdom
Fred Zinnemann,Male,"Vienna, Austria",NA,NA,60,4/29/2007,White,Straight,Jewish,Director,A Man For All Seasons,1967,2,Austria
Paul Scofield,Male,"Hurstpierpoint, United Kingdom",NA,NA,45,1/21/2022,White,Straight,NA,Actor,A Man For All Seasons,1967,1,United Kingdom
Sandy Dennis,Female,"Hastings, Nebraska, United States","Hastings, NE",Nebraska,30,4/27/1937,White,Bisexual,NA,Actor,Who's Afraid of Virginia Woolf?,1967,1,United States
Walter Matthau,Male,"New York City, United States","New York City, NY",New York,47,10/1/2020,White,Straight,Jewish,Actor,The Fortune Cookie,1967,1,United States
Estelle Parsons,Female,"Marblehead, Massachusetts, United States","Marblehead, MA",Massachusetts,41,11/20/2027,White,Straight,NA,Actor,Bonnie and Clyde,1968,1,United States
George Kennedy,Male,"New York City, United States","New York City, NY",New York,43,2/18/2025,White,Straight,NA,Actor,Cool Hand Luke,1968,1,United States
Katharine Hepburn,Female,"Hartford, Connecticut, United States","Hartford, CT",Connecticut,61,5/12/2007,White,Bisexual,Atheist,Actor,Guess Who's Coming to Dinner,1968,4,United States
Mike Nichols,Male,"Berlin, Germany",NA,NA,37,11/6/1931,White,Straight,Jewish,Director,The Graduate,1968,1,Germany
Rod Steiger,Male,"Westhampton, New York, United States","Westhampton, NY",New York,43,4/14/2025,White,Straight,Lutheran,Actor,In the Heat of the Night,1968,1,United States
Barbra Streisand,Female,"Brooklyn, United States","New York City, NY",New York,27,4/24/1942,White,Straight,Jewish,Actor,Funny Girl,1969,1,United States
Carol Reed,Male,"London, United Kingdom",NA,NA,63,12/30/2006,White,Straight,NA,Director,Oliver!,1969,1,United Kingdom
Cliff Robertson,Male,"La Jolla, California, United States","La Jolla, CA",California,46,9/9/2023,White,Straight,NA,Actor,Charly,1969,1,United States
Jack Albertson,Male,"Malden, Massachusetts, United States","Malden, MA",Massachusetts,62,6/16/2007,White,NA,NA,Actor,The Subject Was Roses,1969,1,United States
Katharine Hepburn,Female,"Hartford, Connecticut, United States","Hartford, CT",Connecticut,62,5/12/2007,White,Bisexual,Atheist,Actor,The Lion in Winter,1969,4,United States
Ruth Gordon,Female,"Quincy, Massachusetts, United States","Quincy, MA",Massachusetts,73,10/30/1896,White,Straight,NA,Actor,Rosemary's Baby,1969,1,United States
Gig Young,Male,"St. Cloud, Minnesota, United States","St. Cloud, MN",Minnesota,57,11/4/2013,White,Straight,NA,Actor,"They Shoot Horses, Don't They?",1970,1,United States
Goldie Hawn,Female,"Silver Springs, Maryland, United States","Silver Springs, MD",Maryland,25,11/21/1945,White,Straight,Buddhist,Actor,Cactus Flower,1970,1,United States
John Schlesinger,Male,"London, United Kingdom",NA,NA,43,2/16/2026,White,Gay,NA,Director,Midnight Cowboy,1970,1,United Kingdom
John Wayne,Male,"Winterset, Iowa, United States","Winterset, IA",Iowa,63,5/26/2007,White,Straight,Roman Catholic,Actor,True Grit,1970,1,United States
Maggie Smith,Female,"Ilford, United Kingdom",NA,NA,36,12/28/2015,White,Straight,NA,Actor,The Prime of Miss Jean Brodie,1970,2,United Kingdom
Franklin J. Schaffner,Male,"Tokyo, Japan",NA,NA,51,5/30/2020,White,Straight,NA,Director,Patton,1971,1,Japan
George C. Scott,Male,"Wise, Virginia, United States","Wise, VA",Virginia,44,10/18/2027,White,Straight,NA,Actor,Patton,1971,1,United States
Glenda Jackson,Female,"Birkenhead, United Kingdom",NA,NA,35,5/9/1936,White,Straight,NA,Actor,Women in Love,1971,2,United Kingdom
Helen Hayes,Female,"Washington, United States","Washington, DC",District of Columbia,71,10/10/1900,White,Straight,NA,Actor,Airport,1971,2,United States
John Mills,Male,"Felixstowe, United Kingdom",NA,NA,63,2/22/2008,White,Straight,NA,Actor,Ryan's Daughter,1971,1,United Kingdom
Ben Johnson,Male,"Shidler, Oklahoma, United States","Shidler, OK",Oklahoma,54,6/13/2018,White,Straight,NA,Actor,The Last Picture Show,1972,1,United States
Cloris Leachman,Female,"Des Moines, Iowa, United States","Des Moines, IA",Iowa,46,4/30/2026,White,Straight,NA,Actor,The Last Picture Show,1972,1,United States
Gene Hackman,Male,"San Bernardino, California, United States","San Bernardino, CA",California,42,1/30/1930,White,Straight,NA,Actor,The French Connection,1972,2,United States
Jane Fonda,Female,"New York City, United States","New York City, NY",New York,35,12/21/1937,White,Straight,Born-Again Christian,Actor,Klute,1972,2,United States
William Friedkin,Male,"Chicago, Illinois, United States","Chicago, IL",Illinois,37,8/29/1935,White,Straight,Jewish,Director,The French Connection,1972,1,United States
Bob Fosse,Male,"Chicago, Illinois, United States","Chicago, IL",Illinois,46,6/23/2027,White,Straight,NA,Director,Cabaret,1973,1,United States
Eileen Heckart,Female,"Columbus, Ohio, United States","Columbus, OH",Ohio,54,3/29/2019,White,Straight,NA,Actor,Butterflies Are Free,1973,1,United States
Joel Grey,Male,"Cleveland, Ohio, United States","Cleveland, OH",Ohio,41,4/11/1932,White,Gay,Jewish,Actor,Cabaret,1973,1,United States
Liza Minnelli,Female,"Los Angeles, California, United States","Los Angeles, CA",California,27,3/12/1946,White,NA,NA,Actor,Cabaret,1973,1,United States
Marlon Brando,Male,"Omaha, Nebraska, United States","Omaha, NE",Nebraska,49,4/3/2024,White,Bisexual,Deist,Actor,The Godfather,1973,2,United States
George Roy Hill,Male,"Minneapolis, Minnesota, United States","Minneapolis, MN",Minnesota,52,12/20/2021,White,Straight,NA,Director,The Sting,1974,1,United States
Glenda Jackson,Female,"Birkenhead, United Kingdom",NA,NA,38,5/9/1936,White,Straight,NA,Actor,A Touch of Class,1974,2,United Kingdom
Jack Lemmon,Male,"Newton, Massachusetts, United States","Newton, MA",Massachusetts,31,2/8/2025,White,Straight,Roman Catholic,Actor,Save the Tiger,1974,2,United States
John Houseman,Male,"Bucharest, Romania",NA,NA,72,9/22/1902,White,Straight,NA,Actor,The Paper Chase,1974,1,Romania
Tatum O'Neal,Female,"Los Angeles, California, United States","Los Angeles, CA",California,11,11/5/1963,White,Straight,NA,Actor,Paper Moon,1974,1,United States
Art Carney,Male,"Mount Vernon, New York, United States","Mount Vernon, NY",New York,57,11/4/2018,White,Straight,NA,Actor,Harry and Tonto,1975,1,United States
Ellen Burstyn,Female,"Detroit, Michigan, United States","Detroit, MI",Michigan,43,12/7/1932,White,Straight,Sufism,Actor,Alice Doesn't Live Here Anymore,1975,1,United States
Francis Ford Coppola,Male,"Detroit, Michigan, United States","Detroit, MI",Michigan,36,4/7/1939,White,Straight,NA,Director,The Godfather Part II,1975,1,United States
Ingrid Bergman,Female,"Stockholm, Sweden",NA,NA,60,8/29/2015,White,Straight,NA,Actor,Murder on the Orient Express,1975,3,Sweden
Robert De Niro,Male,"New York City, United States","New York City, NY",New York,38,8/17/1943,White,Straight,Roman Catholic,Actor,The Godfather Part II,1975,2,United States
George Burns,Male,"New York City, United States","New York City, NY",New York,80,1/20/1896,White,Straight,Jewish,Actor,The Sunshine Boys,1976,1,United States
Jack Nicholson,Male,"New York City, United States","New York City, NY",New York,39,4/22/1937,White,Straight,Atheist,Actor,One Flew Over the Cuckoo's Nest,1976,3,United States
Lee Grant,Female,"New York City, United States","New York City, NY",New York,49,10/31/2027,White,Straight,Jewish,Actor,Shampoo,1976,1,United States
Louise Fletcher,Female,"Birmingham, United States","Birmingham, AL",Alabama,42,7/22/1934,White,Straight,NA,Actor,One Flew Over the Cuckoo's Nest,1976,1,United States
Milos Forman,Male,"Caslav, Czech Republic",NA,NA,44,2/18/1932,White,Straight,NA,Director,One Flew Over the Cuckoo's Nest,1976,2,Czech Republic
Beatrice Straight,Female,"Old Westbury, New York, United States","Old Westbury, NY",New York,63,8/2/2014,White,Straight,NA,Actor,Network,1977,1,United States
Faye Dunaway,Female,"Bascom, United States","Bascom, NY",New York,36,1/14/1941,White,Straight,Roman Catholic,Actor,Network,1977,1,United States
Jason Robards,Male,"Chicago, Illinois, United States","Chicago, IL",Illinois,55,7/26/2022,White,Straight,NA,Actor,All the President's Men,1977,2,United States
John G. Avildsen,Male,"Oak Park, Illinois, United States","Oak Park, IL",Illinois,42,12/21/1935,White,Straight,NA,Director,Rocky,1977,1,United States
Peter Finch,Male,"South Kensington, United Kingdom",NA,NA,61,9/28/2016,White,Straight,NA,Actor,Network,1977,1,United Kingdom
Diane Keaton,Female,"Los Angeles, California, United States","Los Angeles, CA",California,32,1/5/1946,White,Straight,Atheist,Actor,Annie Hall,1978,1,United States
Jason Robards,Male,"Chicago, Illinois, United States","Chicago, IL",Illinois,56,7/26/2022,White,Straight,NA,Actor,Julia,1978,2,United States
Richard Dreyfuss,Male,"Brooklyn, United States","New York City, NY",New York,31,10/29/1947,White,Straight,Jewish,Actor,The Goodbye Girl,1978,1,United States
Vanessa Redgrave,Female,"London, United Kingdom",NA,NA,41,1/30/1937,White,Straight,NA,Actor,Julia,1978,1,United Kingdom
Woody Allen,Male,"Brooklyn, United States","New York City, NY",New York,43,12/1/1935,White,Straight,Jewish,Director,Annie Hall,1978,1,United States
Christopher Walken,Male,"Astoria, United States","Astoria, NY",New York,36,3/31/1943,White,Straight,NA,Actor,The Deer Hunter,1979,1,United States
Jane Fonda,Female,"New York City, United States","New York City, NY",New York,42,12/21/1937,White,Straight,Born-Again Christian,Actor,Coming Home,1979,2,United States
Jon Voight,Male,"Yonkers, New York, United States","Yonkers, NY",New York,41,12/29/1938,White,Straight,Roman Catholic,Actor,Coming Home,1979,1,United States
Maggie Smith,Female,"Ilford, United Kingdom",NA,NA,45,12/28/1934,White,Straight,NA,Actor,California Suite,1979,2,United Kingdom
Michael Cimino,Male,"New York City, United States","New York City, NY",New York,40,2/3/1939,White,Straight,NA,Director,The Deer Hunter,1979,1,United States
Dustin Hoffman,Male,"Los Angeles, California, United States","Los Angeles, CA",California,43,8/8/1937,White,Straight,Jewish,Actor,Kramer vs. Kramer,1980,2,United States
Melvyn Douglas,Male,"Macon, Georgia, United States","Macon, GA",Georgia,79,4/5/1901,White,Straight,Jewish,Actor,Being There,1980,2,United States
Meryl Streep,Female,"Summit, New Jersey, United States","Summit, NJ",New Jersey,63,6/22/1949,White,Straight,NA,Actor,Kramer vs. Kramer,1980,3,United States
Robert Benton,Male,"Waxahachie, Texas, United States","Waxahachie, TX",Texas ,48,9/29/1932,White,Straight,NA,Director,Kramer vs. Kramer,1980,1,United States
Sally Field,Female,"Pasadena, California, United States","Pasadena, CA",California,39,11/6/1946,White,Straight,NA,Actor,Norma Rae,1980,2,United States
Mary Steenburgen,Female,"Newport, Arkansas, United States","Newport, AR",Arkansas,28,2/8/1953,White,Straight,NA,Actor,Melvin and Howard,1981,1,United States
Robert De Niro,Male,"New York City, United States","New York City, NY",New York,32,8/17/1943,White,Straight,Roman Catholic,Actor,Raging Bull,1981,2,United States
Robert Redford,Male,"Santa Monica, California, United States","Santa Monica, CA",California,44,8/18/1936,White,Straight,NA,Director,Ordinary People,1981,1,United States
Sissy Spacek,Female,"Quitman, Texas, United States","Quitman, TX",Texas ,32,12/25/1949,White,Straight,NA,Actor,Coal Miner's Daughter,1981,1,United States
Timothy Hutton,Male,"Malibu, California, United States","Malibu, CA",California,21,8/16/1960,White,Straight,NA,Actor,Oridnary People,1981,1,United States
Henry Fonda,Male,"Grand Island, Nebraska, United States","Grand Island, NE",Nebraska,77,5/16/2005,White,Straight,NA,Actor,On Golden Pond,1982,1,United States
John Gielgud,Male,"London, United Kingdom",NA,NA,78,4/14/2004,White,Gay,NA,Actor,Arthur,1982,1,United Kingdom
Katharine Hepburn,Female,"Hartford, Connecticut, United States","Hartford, CT",Connecticut,75,5/12/2007,White,Bisexual,Atheist,Actor,On Golden Pond,1982,4,United States
Maureen Stapleton,Female,"Troy, New York, United States","Troy, NY",New York,57,6/21/2025,White,Straight,Roman Catholic,Actor,Reds,1982,1,United States
Warren Beatty,Male,"Richmond, Virginia, United States","Richmond, VA",Virginia,45,3/30/1937,White,Straight,Baptist,Director,Reds,1982,1,United States
Ben Kingsley,Male,"Scarborough, United Kingdom",NA,NA,40,12/31/1943,Multiracial,Straight,Quaker,Actor,Gandhi,1983,1,United Kingdom
Jessica Lange,Female,"Cloquet, Minnesota, United States","Cloquet, MN",Minnesota,46,4/20/1949,White,Straight,NA,Actor,Tootsie,1983,2,United States
"Lou Gossett, Jr.",Male,"Brooklyn, United States","New York City, NY",New York,47,5/27/1936,Black,Straight,NA,Actor,An Officer and a Gentleman,1983,1,United States
Meryl Streep,Female,"Summit, New Jersey, United States","Summit, NJ",New Jersey,31,6/22/1949,White,Straight,NA,Actor,Sophie's Choice,1983,3,United States
Richard Attenborough,Male,"Cambridge, United Kingdom",NA,NA,60,8/29/2023,White,Straight,NA,Director,Gandhi,1983,1,United Kingdom
Jack Nicholson,Male,"New York City, United States","New York City, NY",New York,61,4/22/1937,White,Straight,Atheist,Actor,Terms of Endearment,1984,3,United States
James L. Brooks,Male,"North Bergen, New Jersey, United States","North Bergen, NJ",New Jersey,44,5/9/1940,White,Straight,NA,Director,Terms of Endearment,1984,1,United States
Linda Hunt,Female,"Morristown, New Jersey, United States","Morristown, NJ",New Jersey,39,4/2/1945,White,NA,NA,Actor,The Year of Living Dangerously,1984,1,United States
Robert Duvall,Male,"San Diego, California, United States","San Diego, CA",California,53,1/5/1931,White,Straight,NA,Actor,Tender Mercies,1984,1,United States
Shirley MacLaine,Female,"Richmond, Virginia, United States","Richmond, VA",Virginia,50,4/24/1934,White,Straight,Baptist,Actor,Terms of Endearment,1984,1,United States
F. Murray Abraham,Male,"Pittsburgh, Pennsylvania, United States","Pittsburgh, PA",Pennsylvania,46,10/24/1939,Middle Eastern,Straight,NA,Actor,Amadeus,1985,1,United States
Haing S. Ngor,Male,"Samrong Young, Cambodia",NA,NA,45,3/22/1940,Asian,Straight,Buddhist,Actor,The Killing Fields,1985,1,Cambodia
Milos Forman,Male,"Caslav, Czech Republic",NA,NA,53,2/18/1932,White,Straight,NA,Director,Amadeus,1985,2,Czech Republic
Peggy Ashcroft,Female,"Croydon, United Kingdom",NA,NA,78,12/22/2007,White,Straight,Agnostic,Actor,A Passage to India,1985,1,United Kingdom
Sally Field,Female,"Pasadena, California, United States","Pasadena, CA",California,34,11/6/1946,White,Straight,NA,Actor,Places in the Heart,1985,2,United States
Anjelica Huston,Female,"Santa Monica, California, United States","Santa Monica, CA",California,35,7/8/1951,White,Straight,NA,Actor,Prizzi's Honor,1986,1,United States
Don Ameche,Male,"Kenosha, Wisconsin, United States","Kenosha, WI",Wisconsin,82,5/31/2004,White,Straight,Roman Catholic,Actor,Cocoon,1986,1,United States
Geraldine Page,Female,"Kirksville, Missouri, United States","Kirksville, MO",Missouri,62,11/22/2024,White,Straight,NA,Actor,The Trip to Bountiful,1986,1,United States
Sydney Pollack,Male,"Lafayette, Indiana, United States","Lafayette, IN",Indiana,52,7/1/1934,White,Straight,Jewish,Director,Out of Africa,1986,1,United States
William Hurt,Male,"Washington, United States","Washington, DC",District of Columbia,36,3/20/1950,White,Straight,Lutheran,Actor,Kiss of the Spider Woman,1986,1,United States
Dianne Wiest,Female,"Kansas City, Missouri, United States","Kansas City, MO",Missouri,39,3/28/1948,White,Straight,NA,Actor,Hannah and Her Sisters,1987,2,United States
Marlee Matlin,Female,"Morton Grove, Illinois, United States","Morton Grove, IL",Illinois,22,8/24/1965,White,Straight,Jewish,Actor,Children of a Lesser God,1987,1,United States
Michael Caine,Male,"Bermondsey, United Kingdom",NA,NA,54,3/14/1933,White,Straight,NA,Actor,Hannah and Her Sisters,1987,2,United Kingdom
Oliver Stone,Male,"New York City, United States","New York City, NY",New York,40,9/15/1946,White,Straight,Atheist,Director,Platoon,1987,2,United States
Paul Newman,Male,"Shaker Heights, Ohio, United States","Shaker Heights, OH",Ohio,62,1/26/2025,White,Straight,Jewish,Actor,The Color of Money,1987,1,United States
Bernardo Bertolucci,Male,"Parma, Italy",NA,NA,47,3/16/1941,White,Straight,NA,Director,The Last Emperor,1988,1,Italy
Cher,Female,"El Centro, California, United States","El Centro, CA",California,42,5/20/1946,White,Bisexual,NA,Actor,Moonstruck,1988,1,United States
Michael Douglas,Male,"New Brunswick, New Jersey, United States","New Brunswick, NJ",New Jersey,44,9/25/1944,White,Straight,Jewish,Actor,Wall Street,1988,1,United States
Olympia Dukakis,Female,"Lowell, Massachusetts, United States","Lowell, MA",Massachusetts,57,6/20/1931,White,Straight,NA,Actor,Moonstruck,1988,1,United States
Sean Connery,Male,"Edinburgh, United Kingdom",NA,NA,58,8/25/1930,White,Straight,Roman Catholic,Actor,The Untouchables,1988,1,United Kingdom
Barry Levinson,Male,"Baltimore, United States","Baltimore, MD",Maryland,47,4/6/1942,White,Straight,Jewish,Director,Rain Man,1989,1,United States
Dustin Hoffman,Male,"Los Angeles, California, United States","Los Angeles, CA",California,52,8/8/1937,White,Straight,Jewish,Actor,Rainman,1989,2,United States
Geena Davis,Female,"Wareham, Massachusetts, United States","Wareham, MA",Massachusetts,33,1/21/1956,White,Straight,Congregationalist,Actor,The Accidental Tourist,1989,1,United States
Jodie Foster,Female,"Los Angeles, California, United States","Los Angeles, CA",California,27,11/19/1962,White,Lesbian,Atheist,Actor,The Accused,1989,2,United States
Kevin Kline,Male,"St. Louis, Missouri, United States","St. Louis, MO",Missouri,42,10/24/1947,White,Straight,Roman Catholic,Actor,A Fish Called Wanda,1989,1,United States
Brenda Fricker,Female,"Dublin, Ireland",NA,NA,45,2/17/1945,White,Straight,NA,Actor,My Left Foot,1990,1,Ireland
Daniel Day-Lewis,Male,"London, United Kingdom",NA,NA,33,4/29/1957,White,Straight,NA,Actor,My Left Foot,1990,3,United Kingdom
Denzel Washington,Male,"Mount Vernon, New York, United States","Mount Vernon, NY",New York,48,12/28/1954,Black,Straight,Protestant,Actor,Glory,1990,2,United States
Jessica Tandy,Female,"London, United Kingdom",NA,NA,81,6/7/2009,White,Straight,NA,Actor,Driving Miss Daisy,1990,1,United Kingdom
Oliver Stone,Male,"New York City, United States","New York City, NY",New York,44,9/15/1946,White,Straight,Atheist,Director,Born on the Fourth of July,1990,2,United States
Jeremy Irons,Male,"Cowes, United Kingdom",NA,NA,43,9/19/1948,White,Straight,NA,Actor,Reversal of Fortune,1991,1,United Kingdom
Joe Pesci,Male,"Newark, New Jersey, United States","Newark, NJ",New Jersey,48,2/9/1943,White,Straight,NA,Actor,Good Fellas,1991,1,United States
Kathy Bates,Female,"Memphis, Tennessee, United States","Memphis, TN",Tennessee,43,6/28/1948,White,Straight,NA,Actor,Misery,1991,1,United States
Kevin Costner,Male,"Lynwood, California, United States","Lynwood, CA",California,36,1/18/1955,White,Straight,Baptist,Director,Dances with Wolves,1991,1,United States
Whoopi Goldberg,Female,"New York City, United States","New York City, NY",New York,36,11/13/1955,Black,Straight,Atheist,Actor,Ghost,1991,1,United States
Anthony Hopkins,Male,"Port Talbot, United Kingdom",NA,NA,55,12/31/1937,White,Straight,NA,Actor,Silence of the Lambs,1992,1,United Kingdom
Jack Palance,Male,"Lattimer Mines, Pennsylvania, United States","Lattimer Mines, PA",Pennsylvania,73,2/18/2019,White,Straight,NA,Actor,City Slickers,1992,1,United States
Jodie Foster,Female,"Los Angeles, California, United States","Los Angeles, CA",California,30,11/19/1962,White,Lesbian,Atheist,Actor,The Silence of the Lambs,1992,2,United States
Jonathan Demme,Male,"Baldwin, United States","Baldwin, NY",New York,48,2/22/1944,White,Straight,NA,Director,The Silence of the Lambs,1992,1,United States
Mercedes Ruehl,Female,"Queens, New York, United States","New York City, NY",New York,44,2/28/1948,Hispanic,Straight,Roman Catholic,Actor,The Fisher King,1992,1,United States
Al Pacino,Male,"East Harlem, New York, United States","New York City, NY",New York,53,4/25/1940,White,Straight,Roman Catholic,Actor,Scent of a Woman,1993,1,United States
Clint Eastwood,Male,"San Francisco, California, United States","San Francisco, CA",California,63,5/31/1930,White,Straight,NA,Director,Unforgiven,1993,2,United States
Emma Thompson,Female,"London, United Kingdom",NA,NA,34,4/15/1959,White,Straight,NA,Actor,Howards End,1993,1,United Kingdom
Gene Hackman,Male,"San Bernardino, California, United States","San Bernardino, CA",California,63,1/30/1930,White,Straight,NA,Actor,Unforgiven,1993,2,United States
Marisa Tomei,Female,"Brooklyn, United States","New York City, NY",New York,29,12/4/1964,White,Straight,NA,Actor,My Cousin Vinny,1993,1,United States
Anna Paquin,Female,"Winnipeg, Canada",NA,NA,12,7/24/1982,White,Bisexual,NA,Actor,The Piano,1994,1,Canada
Holly Hunter,Female,"Conyers, Georgia, United States","Conyers, GA",Georgia,36,3/20/1958,White,Straight,NA,Actor,The Piano,1994,1,United States
Steven Spielberg,Male,"Cincinnati, Ohio, United States","Cincinnati, OH",Ohio,48,12/18/1946,White,Straight,Jewish,Director,Schindler's List,1994,2,United States
Tom Hanks,Male,"Concord, California, United States","Concord, CA",California,38,7/9/1956,White,Straight,Born-Again Christian,Actor,Philadelphia,1994,2,United States
Tommy Lee Jones,Male,"San Saba, Texas, United States","San Saba, TX",Texas ,48,9/15/1946,White,Straight,NA,Actor,The Fugitive,1994,1,United States
Dianne Wiest,Female,"Kansas City, Missouri, United States","Kansas City, MO",Missouri,47,3/28/1948,White,Straight,NA,Actor,Bullets Over Broadway,1995,2,United States
Jessica Lange,Female,"Cloquet, Minnesota, United States","Cloquet, MN",Minnesota,34,4/20/1949,White,Straight,NA,Actor,Blue Sky,1995,2,United States
Martin Landau,Male,"Brooklyn, United States","New York City, NY",New York,64,6/20/1931,White,Straight,Jewish,Actor,Ed Wood,1995,1,United States
Robert Zemeckis,Male,"Chicago, Illinois, United States","Chicago, IL",Illinois,43,5/14/1952,White,Straight,Roman Catholic,Director,Forrest Gump,1995,1,United States
Tom Hanks,Male,"Concord, California, United States","Concord, CA",California,39,7/9/1956,White,Straight,Born-Again Christian,Actor,Forrest Gump,1995,2,United States
Kevin Spacey,Male,"South Orange, New Jersey, United States","South Orange, NJ",New Jersey,41,7/26/1959,White,Matter of Dispute,NA,Actor,The Usual Suspects,1996,2,United States
Mel Gibson,Male,"Peekskill, New York, United States","Peekskill, NY",New York,40,1/3/1956,White,Straight,Roman Catholic,Director,Braveheart,1996,1,United States
Mira Sorvino,Female,"Tenafly, New Jersey, United States","Tenafly, NJ",New Jersey,29,9/28/1967,White,Straight,Atheist,Actor,Mighty Aphrodite,1996,1,United States
Nicolas Cage,Male,"Long Beach, California, United States","Long Beach, CA",California,32,1/7/1964,White,Straight,Roman Catholic,Actor,Leaving Las Vegas,1996,1,United States
Susan Sarandon,Female,"Queens, New York, United States","New York City, NY",New York,50,10/4/1946,White,Straight,Roman Catholic,Actor,Dead Man Walking,1996,1,United States
Anthony Minghella,Male,"Ryde, United Kingdom",NA,NA,43,1/6/1954,White,Straight,NA,Director,The English Patient,1997,1,United Kingdom
"Cuba Gooding, Jr.",Male,"Bronx, United States","New York City, NY",New York,29,1/2/1968,Black,Straight,NA,Actor,Jerry Maguire,1997,1,United States
Frances McDormand,Female,"Chicago, Illinois, United States","Chicago, IL",Illinois,40,6/23/1957,White,Straight,Disciples of Christ,Actor,Fargo,1997,1,United States
Geoffrey Rush,Male,"Toowoomba, Australia",NA,NA,46,7/6/1951,White,Straight,NA,Actor,Shine,1997,1,Australia
Juliette Binoche,Female,"Paris, France",NA,NA,33,3/9/1964,White,Straight,NA,Actor,The English Patient,1997,1,France
Helen Hunt,Female,"Culver City, California, United States","Culver City, CA",California,35,6/15/1963,White,Straight,NA,Actor,As Good as It Gets,1998,1,United States
Jack Nicholson,Male,"New York City, United States","New York City, NY",New York,47,4/22/1937,White,Straight,Atheist,Actor,As Good as It Gets,1998,3,United States
James Cameron,Male,"Kapuskasing, Canada",NA,NA,44,8/16/1954,White,Straight,Atheist,Director,Titanic,1998,1,Canada
Kim Basinger,Female,"Athens, United States","Athens, GA",Georgia,45,12/8/1953,White,Straight,NA,Actor,L.A. Confidential,1998,1,United States
Robin Williams,Male,"Chicago, Illinois, United States","Chicago, IL",Illinois,47,7/21/1951,White,Straight,Anglican/episcopalian,Actor,Good Will Hunting,1998,1,United States
Gwyneth Paltrow,Female,"Los Angeles, California, United States","Los Angeles, CA",California,27,9/27/1972,White,Straight,Jewish,Actor,Shakespeare in Love,1999,1,United States
James Coburn,Male,"Laurel, Nebraska, United States","Laurel, NE",Nebraska,71,8/31/2028,White,Straight,NA,Actor,Affliction,1999,1,United States
Judi Dench,Female,"York, United Kingdom",NA,NA,65,12/9/1934,White,Straight,Quaker,Actor,Shakespeare in Love,1999,1,United Kingdom
Roberto Benigni,Male,"Arezzo, Italy",NA,NA,47,10/27/1952,White,Straight,NA,Actor,Life is Beautiful,1999,1,Italy
Steven Spielberg,Male,"Cincinnati, Ohio, United States","Cincinnati, OH",Ohio,53,12/18/1946,White,Straight,Jewish,Director,Saving Private Ryan,1999,2,United States
Angelina Jolie,Female,"Los Angeles, California, United States","Los Angeles, CA",California,25,6/4/1975,White,Bisexual,Buddhist,Actor,"Girl, Interrupted",2000,1,United States
Hilary Swank,Female,"Lincoln, Nebraska, United States","Lincoln, NE",Nebraska,26,7/30/1974,White,Straight,NA,Actor,Boys Don't Cry,2000,2,United States
Kevin Spacey,Male,"South Orange, New Jersey, United States","South Orange, NJ",New Jersey,37,7/26/1959,White,Matter of Dispute,NA,Actor,American Beauty,2000,2,United States
Michael Caine,Male,"Bermondsey, United Kingdom",NA,NA,67,3/14/1933,White,Straight,NA,Actor,The Cider House Rules,2000,2,United Kingdom
Sam Mendes,Male,"Reading, United Kingdom",NA,NA,35,8/1/1965,White,Straight,NA,Director,American Beauty,2000,1,United Kingdom
Benicio Del Toro,Male,"Santurce, Puerto Rico",NA,NA,34,2/19/1967,Hispanic,Straight,NA,Actor,Traffic,2001,1,Puerto Rico
Julia Roberts,Female,"Smyrna, Georgia, United States","Smyrna, GA",Georgia,34,10/28/1967,White,Straight,Hindu,Actor,Erin Brockovich,2001,1,United States
Marcia Gay Harden,Female,"La Jolla, California, United States","La Jolla, CA",California,42,8/14/1959,White,Straight,NA,Actor,Pollock,2001,1,United States
Russell Crowe,Male,"Wellington, New Zealand",NA,NA,37,4/7/1964,White,Straight,NA,Actor,Gladiator,2001,1,New Zealand
Steven Soderbergh,Male,"Atlanta, Georgia, United States","Atlanta, GA",Georgia,38,1/14/1963,White,Straight,Atheist,Director,Traffic,2001,1,United States
Denzel Washington,Male,"Mount Vernon, New York, United States","Mount Vernon, NY",New York,36,12/28/1954,Black,Straight,Protestant,Actor,Training Day,2002,2,United States
Halle Berry,Female,"Cleveland, Ohio, United States","Cleveland, OH",Ohio,36,8/14/1966,Multiracial,Straight,NA,Actor,Monster's Ball,2002,1,United States
Jennifer Connelly,Female,"Catskill Mountains, New York, United States","Catskill Mountains, NY",New York,32,12/12/1970,White,Straight,Jewish,Actor,A Beautiful Mind,2002,1,United States
Jim Broadbent,Male,"Lincoln, United Kingdom",NA,NA,53,5/24/1949,White,Straight,NA,Actor,Iris,2002,1,United Kingdom
Ron Howard,Male,"Duncan, Oklahoma, United States","Duncan, OK",Oklahoma,48,3/1/1954,White,Straight,NA,Director,A Beautiful Mind,2002,1,United States
Adrien Brody,Male,"New York City, United States","New York City, NY",New York,30,4/14/1973,White,Straight,Jewish,Actor,The Pianist,2003,1,United States
Catherine Zeta-Jones,Female,"Mumbles, United Kingdom",NA,NA,34,9/25/1969,White,Straight,Roman Catholic,Actor,Chicago,2003,1,United Kingdom
Chris Cooper,Male,"Kansas City, Missouri, United States","Kansas City, MO",Missouri,52,7/9/1951,White,Straight,NA,Actor,Adaptation,2003,1,United States
Nicole Kidman,Female,"Honolulu, Hawaii, United States","Honolulu, HI",Hawaii,36,6/20/1967,White,Straight,Roman Catholic,Actor,The Hours,2003,1,United States
Roman Polanski,Male,"Paris, France",NA,NA,70,8/18/1933,White,Straight,Atheist,Director,The Pianist,2003,1,France
Charlize Theron,Female,"Benoni, South Africa",NA,NA,29,8/7/1975,White,Straight,NA,Actor,Monster,2004,1,South Africa
Peter Jackson,Male,"Wellington, New Zealand",NA,NA,43,10/31/1961,White,Straight,NA,Director,The Lord of the Rings: Return of the King,2004,1,New Zealand
Rene Zellweger,Female,"Katy, Texas, United States","Katy, TX",Texas ,35,4/25/1969,White,Straight,NA,Actor,Cold Mountain,2004,1,United States
Sean Penn,Male,"Burbank, California, United States","Burbank, CA",California,44,8/17/1960,White,Straight,Roman Catholic,Actor,Mystic River,2004,2,United States
Tim Robbins,Male,"West Covina, California, United States","West Covina, CA",California,46,10/16/1958,White,Straight,Roman Catholic,Actor,Mystic River,2004,1,United States
Cate Blanchett,Female,"Melbourne, Australia",NA,NA,36,5/14/1969,White,Straight,NA,Actor,The Aviator,2005,2,Australia
Clint Eastwood,Male,"San Francisco, California, United States","San Francisco, CA",California,75,5/31/1930,White,Straight,NA,Director,Million Dollar Baby,2005,2,United States
Hilary Swank,Female,"Lincoln, Nebraska, United States","Lincoln, NE",Nebraska,31,7/30/1974,White,Straight,NA,Actor,Million Dollar Baby,2005,2,United States
Jamie Foxx,Male,"Terrell, Texas, United States","Terrell, TX",Texas ,38,12/13/1967,Black,Straight,Baptist,Actor,Ray,2005,1,United States
Morgan Freeman,Male,"Memphis, Tennessee, United States","Memphis, TN",Tennessee,68,6/1/1937,Black,Straight,NA,Actor,Million Dollar Baby,2005,1,United States
Ang Lee,Male,"Pingtung, Taiwan",NA,NA,52,10/23/1954,Asian,Straight,NA,Director,Brokeback Mountain,2006,2,Taiwan
George Clooney,Male,"Lexington, Kentucky, United States","Lexington, KY",Kentucky,45,5/6/1961,White,Straight,NA,Actor,Syriana,2006,1,United States
Philip Seymour Hoffman,Male,"Fairport, New York, United States","Fairport, NY",New York,39,7/23/1967,White,Straight,NA,Actor,Capote,2006,1,United States
Rachel Weisz,Female,"London, United Kingdom",NA,NA,35,3/7/1971,White,Straight,Jewish,Actor,The Constant Gardener,2006,1,United Kingdom
Reese Witherspoon,Female,"New Orleans, Louisiana, United States","New Orleans, LA",Louisiaba,30,3/22/1976,White,Straight,NA,Actor,Walk the Line,2006,1,United States
Alan Arkin,Male,"Brooklyn, United States","New York City, NY",New York,73,3/26/1934,White,Straight,Jewish,Actor,Little Miss Sunshine,2007,1,United States
Forest Whitaker,Male,"Longview, Texas, United States","Longview, TX",Texas ,46,7/15/1961,Black,Straight,NA,Actor,The Last King of Scotland,2007,1,United States
Helen Mirren,Female,"Chiswick, United Kingdom",NA,NA,62,7/26/1945,White,Straight,NA,Actor,The Queen,2007,1,United Kingdom
Jennifer Hudson,Female,"Chicago, Illinois, United States","Chicago, IL",Illinois,26,9/12/1981,Black,Straight,Baptist,Actor,Dreamgirls,2007,1,United States
Martin Scorsese,Male,"Flushing, New York, United States","Flushing, NY",New York,65,11/17/1942,White,Straight,Roman Catholic,Director,The Departed,2007,1,United States
Tilda Swinton,Female,"London, United Kingdom",NA,NA,47,11/5/1960,White,Straight,NA,Actor,Michael Clayton,2007,1,United Kingdom
Daniel Day-Lewis,Male,"London, United Kingdom",NA,NA,51,4/29/1957,White,Straight,NA,Actor,There Will Be Blood,2008,3,United Kingdom
Ethan Coen,Male,"St. Louis Park, Minnesota, United States","St. Louis Park, MN",Minnesota,51,9/21/1957,White,Straight,Jewish,Director,No Country for Old Men,2008,1,United States
Javier Bardem,Male,"Las Palmas De Gran Canaria, Spain",NA,NA,39,3/1/1969,Hispanic,Straight,NA,Actor,No Country for Old Men,2008,1,Spain
Joel Coen,Male,"St. Louis Park, Minnesota, United States","St. Louis Park, MN",Minnesota,54,11/29/1954,White,Straight,Jewish,Director,No Country for Old Men,2008,1,United States
Marion Cotillard,Female,"Paris, France",NA,NA,33,9/30/1975,White,Straight,NA,Actor,The Passionate Life of Edith Piaf,2008,1,France
Danny Boyle,Male,"Manchester, United Kingdom",NA,NA,53,10/20/1956,White,Straight,Roman Catholic,Director,Slumdog Millionaire,2009,1,United Kingdom
Heath Ledger,Male,"Perth, Australia",NA,NA,30,4/4/1979,White,Straight,NA,Actor,The Dark Knight,2009,1,Australia
Kate Winslet,Female,"Reading, United Kingdom",NA,NA,34,10/5/1975,White,Straight,NA,Actor,The Reader,2009,1,United Kingdom
Penelope Cruz,Female,"Madrid, Spain",NA,NA,35,4/28/1974,Hispanic,Straight,Buddhist,Actor,Vicky Cristina Barcelona,2009,1,Spain
Sean Penn,Male,"Burbank, California, United States","Burbank, CA",California,49,8/17/1960,White,Straight,Roman Catholic,Actor,Milk,2009,2,United States
Christoph Waltz,Male,"Vienna, Austria",NA,NA,54,10/4/1956,White,Straight,NA,Actor,Inglourious Basterds,2010,2,Austria
Jeff Bridges,Male,"Los Angeles, California, United States","Los Angeles, CA",California,61,12/4/1949,White,Straight,Lutheran,Actor,Crazy Heart,2010,1,United States
Kathryn Bigelow,Female,"San Carlos, California, United States","San Carlos, CA",California,58,11/27/1951,White,Straight,NA,Director,The Hurt Locker,2010,1,United States
Mo'Nique,Female,"Woodlawn, Maryland, United States","Woodlawn, MD",Maryland,43,12/11/1967,Black,Straight,NA,Actor,Precious,2010,1,United States
Sandra Bullock,Female,"Arlington, United States","Arlington, VA",Virginia,46,7/26/1964,White,Straight,NA,Actor,The Blind Side,2010,1,United States
Christian Bale,Male,"Haverfordwest, United Kingdom",NA,NA,37,1/30/1974,White,Straight,NA,Actor,The Fighter,2011,1,United Kingdom
Colin Firth,Male,"Grayshott, United Kingdom",NA,NA,51,9/10/1960,White,Straight,NA,Actor,The King's Speech,2011,1,United Kingdom
Melissa Leo,Female,"New York City, United States","New York City, NY",New York,51,9/14/1960,White,Straight,NA,Actor,The Fighter,2011,1,United States
Natalie Portman,Female,"Jerusalem, Israel",NA,NA,30,6/9/1981,White,Straight,Jewish,Actor,Black Swan,2011,1,Israel
Tom Hooper,Male,"London, United Kingdom",NA,NA,39,10/5/1972,White,NA,NA,Director,The King's Speech,2011,1,United Kingdom
Christopher Plummer,Male,"Toronto, Canada",NA,NA,83,12/13/2029,White,Straight,NA,Actor,Beginning,2012,1,Canada
Jean Dujardin,Male,"Rueil-Malmaison, France",NA,NA,40,6/19/1972,White,Straight,NA,Actor,The Artist,2012,1,France
Meryl Streep,Female,"Summit, New Jersey, United States","Summit, NJ",New Jersey,34,6/22/1949,White,Straight,NA,Actor,The Iron Lady,2012,3,United States
Michel Hazanavicius,Male,"Paris, France",NA,NA,45,3/29/1967,White,Straight,Jewish,Director,The Artist,2012,1,France
Octavia Spencer,Female,"Montgomery, Alabama, United States","Montgomery, AL",Alabama,40,5/25/1972,Black,NA,NA,Actor,The Help,2012,1,United States
Ang Lee,Male,"Pingtung, Taiwan",NA,NA,59,10/23/1954,Asian,Straight,NA,Director,Life of Pi,2013,2,Taiwan
Anne Hathaway,Female,"Brooklyn, United States","New York City, NY",New York,31,11/12/1982,White,Straight,Christian,Actor,Les Misrables,2013,1,United States
Christoph Waltz,Male,"Vienna, Austria",NA,NA,57,10/4/1956,White,Straight,NA,Actor,Django Unchained,2013,2,Austria
Daniel Day-Lewis,Male,"London, United Kingdom",NA,NA,56,4/29/1957,White,Straight,NA,Actor,Lincoln,2013,3,United Kingdom
Jennifer Lawrence,Female,"Louisville, Kentucky, United States","Louisville, KY",Kentucky,23,8/15/1990,White,NA,NA,Actor,Silver Linings Playbook,2013,1,United States
Alfonso Cuaron,Male,"Mexico City, Mexico",NA,NA,52,11/28/1961,Hispanic,NA,NA,Director,Gravity,2014,1,Mexico
Cate Blanchett,Female,"Melbourne, Australia",NA,NA,45,5/14/1969,White,Straight,NA,Actor,Blue Jasmine,2014,2,Australia
Jared Leto,Male,"Bossier City, United States","Bossier City, LA",Louisiaba,43,12/26/1971,White,Straight,NA,Actor,Dallas Buyers Club,2014,1,United States
Lupita Nyong'o,Female,"Mexico City, Mexico",NA,NA,31,3/1/1983,Black,NA,NA,Actor,12 Years a Slave,2014,1,Mexico
Matthew McConaughey,Male,"Uvalde, Texas, United States","Uvalde, TX",Texas ,45,11/4/1969,White,Straight,NA,Actor,Dallas Buyers Club,2014,1,United States
Alejandro G. Inarritu,Male,"Mexico City, Mexico",NA,NA,51,8/15/1963,Hispanic,NA,NA,Director,Birdman,2015,1,Mexico
Eddie Redmayne,Male,"London, United Kingdom",NA,NA,33,1/6/1982,White,NA,NA,Actor,The Theory of Everything,2015,1,United Kingdom
Jonathan Kimbel Simmons,Male,"Detroit, Michigan, United States","Detroit, MI",Michigan,60,1/9/1955,White,NA,NA,Actor,Whiplash,2015,1,United States
Julianne Moore,Female,"Fort Bragg, North Carolina, United States","Fort Bragg, NC",North Carolina,54,12/3/1960,White,NA,NA,Actor,Still Alice,2015,1,United States
Patricia Arquette,Female,"Chicago, Illinois, United States","Chicago, IL",Illinois,46,4/8/1968,White,NA,NA,Actor,Boyhood,2015,1,United States
